<keymap version="1" name="IntelliJ IDEA Classic copy" parent="Mac OS X">
  <action id="Back">
    <keyboard-shortcut first-keystroke="meta alt left" />
    <mouse-shortcut keystroke="button4" />
    <keyboard-shortcut first-keystroke="alt z" />
  </action>
  <action id="CloseContent">
    <keyboard-shortcut first-keystroke="meta f4" />
    <keyboard-shortcut first-keystroke="meta w" />
  </action>
  <action id="ContextHelp" />
  <action id="CopyElement" />
  <action id="EditorSelectWord" />
  <action id="ReformatCode">
    <keyboard-shortcut first-keystroke="meta alt l" />
    <keyboard-shortcut first-keystroke="f1" />
  </action>
  <action id="ToggleLineBreakpoint">
    <keyboard-shortcut first-keystroke="meta f8" />
    <keyboard-shortcut first-keystroke="f5" />
  </action>
</keymap>